{
    "mortality": {
        "CatBoost": {
            "IG": 0.888560203975199,
            "ANOVA": 0.8847868960243106,
            "MI": 0.8834347245952578,
            "LASSO": 0.8903215900499434
        },
        "XGBoost": {
            "IG": 0.8820191556693606,
            "ANOVA": 0.8715765930148174,
            "MI": 0.8716871221543895,
            "LASSO": 0.8814644969852871
        },
        "Random Forest": {
            "IG": 0.8771785948208595,
            "ANOVA": 0.877243889615055,
            "MI": 0.8720227818210777,
            "LASSO": 0.8779777040721463
        },
        "Logistic Regression": {
            "IG": 0.8509561406861719,
            "ANOVA": 0.8469489098545903,
            "MI": 0.8454123766536912,
            "LASSO": 0.8588759688595198
        },
        "Custom MLP": {
            "IG": 0.8811097486562275,
            "ANOVA": 0.8795595178939666,
            "MI": 0.8702030422839093,
            "LASSO": 0.8815646835405199
        },
        "LightGBM": {
            "IG": 0.8940466788827935,
            "ANOVA": 0.8898939114617399,
            "MI": 0.889803812975348,
            "LASSO": 0.8945522854890164
        },
        "Stacking Ensemble": {
            "IG": 0.8986254589724255,
            "ANOVA": 0.8931620292863117,
            "MI": 0.8954763618499593,
            "LASSO": 0.8987260620075646
        },
        "FT-Transformer": {
            "IG": 0.879346048804226,
            "ANOVA": 0.8885163810339494,
            "MI": 0.8885858637649802,
            "LASSO": 0.891801759636859
        }
    },
    "aki_onset": {
        "CatBoost": {
            "IG": 0.817048661643649,
            "ANOVA": 0.8161408262232646,
            "MI": 0.8188396080265178,
            "LASSO": 0.817303821833538
        },
        "XGBoost": {
            "IG": 0.8095609037193028,
            "ANOVA": 0.8099956473601028,
            "MI": 0.8108018570590788,
            "LASSO": 0.8082793946998583
        },
        "Random Forest": {
            "IG": 0.8101639408162074,
            "ANOVA": 0.8094921861252145,
            "MI": 0.8096167702718164,
            "LASSO": 0.8077836283217655
        },
        "Logistic Regression": {
            "IG": 0.7907205829724424,
            "ANOVA": 0.792592546105753,
            "MI": 0.7935235764735682,
            "LASSO": 0.7986580327430033
        },
        "Custom MLP": {
            "IG": 0.8120166825756778,
            "ANOVA": 0.8162239086012478,
            "MI": 0.8154016942308632,
            "LASSO": 0.8165327120346173
        },
        "LightGBM": {
            "IG": 0.8217577563210411,
            "ANOVA": 0.8192309419526493,
            "MI": 0.8244733154350125,
            "LASSO": 0.8211885576722578
        },
        "Stacking Ensemble": {
            "IG": 0.8275557047713031,
            "ANOVA": 0.8266500768918027,
            "MI": 0.8301565979045014,
            "LASSO": 0.8284786145422955
        },
        "FT-Transformer": {
            "IG": 0.8196708733145268,
            "ANOVA": 0.815749035020807,
            "MI": 0.8198693470081451,
            "LASSO": 0.8170039431725995
        }
    },
    "sepsis_onset": {
        "CatBoost": {
            "IG": 0.7733303623070253,
            "ANOVA": 0.7672647763004529,
            "MI": 0.7762525248651085,
            "LASSO": 0.7743235246718008
        },
        "XGBoost": {
            "IG": 0.7671376428895325,
            "ANOVA": 0.75922000158263,
            "MI": 0.768982355330452,
            "LASSO": 0.763620782591023
        },
        "Random Forest": {
            "IG": 0.7795018066389023,
            "ANOVA": 0.7724285793898436,
            "MI": 0.7804946144189175,
            "LASSO": 0.7713830419011038
        },
        "Logistic Regression": {
            "IG": 0.7539955940479638,
            "ANOVA": 0.7492358846159914,
            "MI": 0.754060926290043,
            "LASSO": 0.7553375496219211
        },
        "Custom MLP": {
            "IG": 0.7691827843661925,
            "ANOVA": 0.7651028877914754,
            "MI": 0.769003689513528,
            "LASSO": 0.7724039357490051
        },
        "LightGBM": {
            "IG": 0.7879906396714984,
            "ANOVA": 0.7798187906402151,
            "MI": 0.787810156028523,
            "LASSO": 0.7875039129905731
        },
        "Stacking Ensemble": {
            "IG": 0.7902876101997725,
            "ANOVA": 0.7824955214467342,
            "MI": 0.7903579952746853,
            "LASSO": 0.7865689320752115
        },
        "FT-Transformer": {
            "IG": 0.7719697467100592,
            "ANOVA": 0.7704616977246475,
            "MI": 0.7730132305620624,
            "LASSO": 0.7771278468945555
        }
    },
    "ards_onset": {
        "CatBoost": {
            "IG": 0.9338862764776672,
            "ANOVA": 0.9310800470703299,
            "MI": 0.93356465835093,
            "LASSO": 0.9325467470935833
        },
        "XGBoost": {
            "IG": 0.9298094734217206,
            "ANOVA": 0.9283152032408103,
            "MI": 0.9326325726100455,
            "LASSO": 0.9302706009962636
        },
        "Random Forest": {
            "IG": 0.9298849120886181,
            "ANOVA": 0.9271192591568929,
            "MI": 0.9296467225130585,
            "LASSO": 0.9280039921911929
        },
        "Logistic Regression": {
            "IG": 0.917017466412954,
            "ANOVA": 0.9149352418867682,
            "MI": 0.9173185940263336,
            "LASSO": 0.9202671040565311
        },
        "Custom MLP": {
            "IG": 0.9276602855742416,
            "ANOVA": 0.9284539339277431,
            "MI": 0.9285240628614158,
            "LASSO": 0.9274622881507468
        },
        "LightGBM": {
            "IG": 0.9359916615544892,
            "ANOVA": 0.9324158343567128,
            "MI": 0.9356418664434407,
            "LASSO": 0.9336792474508021
        },
        "Stacking Ensemble": {
            "IG": 0.9362284655425217,
            "ANOVA": 0.9336061450665236,
            "MI": 0.9366227410473247,
            "LASSO": 0.9356835352070305
        },
        "FT-Transformer": {
            "IG": 0.932243111263366,
            "ANOVA": 0.9304685073957607,
            "MI": 0.932313806568583,
            "LASSO": 0.9336922739963127
        }
    },
    "liver_injury_onset": {
        "CatBoost": {
            "IG": 0.9217612072909135,
            "ANOVA": 0.9231246197012228,
            "MI": 0.9225288838297746,
            "LASSO": 0.9212997204273065
        },
        "XGBoost": {
            "IG": 0.9177311571591186,
            "ANOVA": 0.9181474643706846,
            "MI": 0.9212508754344136,
            "LASSO": 0.9191222562642721
        },
        "Random Forest": {
            "IG": 0.9200043606544379,
            "ANOVA": 0.9168020325809474,
            "MI": 0.9190896300113703,
            "LASSO": 0.9208689720874068
        },
        "Logistic Regression": {
            "IG": 0.9161113596621215,
            "ANOVA": 0.9159071388254927,
            "MI": 0.9160728185244125,
            "LASSO": 0.9176226756547746
        },
        "Custom MLP": {
            "IG": 0.920750328307569,
            "ANOVA": 0.9196585443971883,
            "MI": 0.9214648967317745,
            "LASSO": 0.9214372729612367
        },
        "LightGBM": {
            "IG": 0.9272432672565192,
            "ANOVA": 0.9251609446448583,
            "MI": 0.9286686286465423,
            "LASSO": 0.9265446501440023
        },
        "Stacking Ensemble": {
            "IG": 0.928157116959296,
            "ANOVA": 0.9273736464195126,
            "MI": 0.9284079647070149,
            "LASSO": 0.9291301469723027
        },
        "FT-Transformer": {
            "IG": 0.922046647676111,
            "ANOVA": 0.9212163771833948,
            "MI": 0.923257264139249,
            "LASSO": 0.925171940667413
        }
    },
    "icu_readmit_48h": {
        "CatBoost": {
            "IG": 0.5668920089253874,
            "ANOVA": 0.5683844363325141,