{
    "mortality": {
        "CatBoost": {
            "IG": 0.8870739722918695,
            "ANOVA": 0.8847868960243106,
            "MI": 0.8848083678772566,
            "LASSO": 0.889822971051037
        },
        "XGBoost": {
            "IG": 0.8820191556693606,
            "ANOVA": 0.8715765930148174,
            "MI": 0.8716871221543895,
            "LASSO": 0.8814644969852871
        },
        "Random Forest": {
            "IG": 0.8771785948208595,
            "ANOVA": 0.877243889615055,
            "MI": 0.8720227818210777,
            "LASSO": 0.8779777040721463
        },
        "Logistic Regression": {
            "IG": 0.8509561406861719,
            "ANOVA": 0.8469489098545903,
            "MI": 0.8454123766536912,
            "LASSO": 0.8588759688595198
        },
        "Custom MLP": {
            "IG": 0.8812306897934563,
            "ANOVA": 0.8792341776738449,
            "MI": 0.8734532514725108,
            "LASSO": 0.8828723378951456
        },
        "LightGBM": {
            "IG": 0.8940466788827935,
            "ANOVA": 0.8898939114617399,
            "MI": 0.889803812975348,
            "LASSO": 0.8945522854890164
        }
    },
    "aki_onset": {
        "CatBoost": {
            "IG": 0.8165664085693962,
            "ANOVA": 0.8177668693021005,
            "MI": 0.8176304748117693,
            "LASSO": 0.8182600023992814
        },
        "XGBoost": {
            "IG": 0.8095609194874519,
            "ANOVA": 0.8099956473601028,
            "MI": 0.8108018570590788,
            "LASSO": 0.8082793946998583
        },
        "Random Forest": {
            "IG": 0.8101639408162074,
            "ANOVA": 0.8094921861252145,
            "MI": 0.8096167702718164,
            "LASSO": 0.8077836283217655
        },
        "Logistic Regression": {
            "IG": 0.7907205829724424,
            "ANOVA": 0.792592546105753,
            "MI": 0.7935235764735682,
            "LASSO": 0.7986580327430033
        },
        "Custom MLP": {
            "IG": 0.8121081851453187,
            "ANOVA": 0.8140558826990985,
            "MI": 0.8139978874464466,
            "LASSO": 0.8172668297555823
        },
        "LightGBM": {
            "IG": 0.8217577563210411,
            "ANOVA": 0.8192309419526493,
            "MI": 0.8244733154350125,
            "LASSO": 0.8211885576722578
        }
    },
    "sepsis_onset": {
        "CatBoost": {
            "IG": 0.774278581053437,
            "ANOVA": 0.7666058396209583,
            "MI": 0.7776758280928169,
            "LASSO": 0.7739164318182854
        },
        "XGBoost": {
            "IG": 0.7671376428895325,
            "ANOVA": 0.75922000158263,
            "MI": 0.7689823701048171,
            "LASSO": 0.763620797365388
        },
        "Random Forest": {
            "IG": 0.7795018066389023,
            "ANOVA": 0.7724285793898436,
            "MI": 0.7804946144189175,
            "LASSO": 0.7713830419011038
        },
        "Logistic Regression": {
            "IG": 0.7539955940479638,
            "ANOVA": 0.7492358846159914,
            "MI": 0.754060926290043,
            "LASSO": 0.7553375496219211
        },
        "Custom MLP": {
            "IG": 0.7692630239425677,
            "ANOVA": 0.7687615967684562,
            "MI": 0.7653859055276279,
            "LASSO": 0.7713272095757269
        },
        "LightGBM": {
            "IG": 0.7879906396714984,
            "ANOVA": 0.7798187906402151,
            "MI": 0.787810156028523,
            "LASSO": 0.7875039129905731
        }
    },
    "ards_onset": {
        "CatBoost": {
            "IG": 0.9338500286988554,
            "ANOVA": 0.9313431266524901,
            "MI": 0.9350558741710141,
            "LASSO": 0.9325467470935833
        },
        "XGBoost": {
            "IG": 0.9298094734217206,
            "ANOVA": 0.9283152032408103,
            "MI": 0.9326325726100455,
            "LASSO": 0.9302706009962636
        },
        "Random Forest": {
            "IG": 0.9298849120886181,
            "ANOVA": 0.9271192591568929,
            "MI": 0.9296467225130585,
            "LASSO": 0.9280039921911929
        },
        "Logistic Regression": {
            "IG": 0.917017466412954,
            "ANOVA": 0.9149352418867682,
            "MI": 0.9173185940263336,
            "LASSO": 0.9202671040565311
        },
        "Custom MLP": {
            "IG": 0.9268487257206633,
            "ANOVA": 0.9276466825434097,
            "MI": 0.9273583084035457,
            "LASSO": 0.9274624600849655
        },
        "LightGBM": {
            "IG": 0.9359916615544892,
            "ANOVA": 0.9324158343567128,
            "MI": 0.9356418664434407,
            "LASSO": 0.9336792474508021
        }
    },
    "liver_injury_onset": {
        "CatBoost": {
            "IG": 0.9232498390710863,
            "ANOVA": 0.9231246197012228,
            "MI": 0.9225288838297746,
            "LASSO": 0.9212998462759193
        },
        "XGBoost": {
            "IG": 0.9177311571591186,
            "ANOVA": 0.9181474643706846,
            "MI": 0.9212508754344136,
            "LASSO": 0.919122256264272
        },
        "Random Forest": {
            "IG": 0.9200043606544379,
            "ANOVA": 0.9168020325809474,
            "MI": 0.9190896300113703,
            "LASSO": 0.9208689720874068
        },
        "Logistic Regression": {
            "IG": 0.9161105101839843,
            "ANOVA": 0.9159071388254927,
            "MI": 0.9160728185244125,
            "LASSO": 0.9176226756547746
        },
        "Custom MLP": {
            "IG": 0.920635208288893,
            "ANOVA": 0.9211522415840313,
            "MI": 0.922385322024577,
            "LASSO": 0.9186729609850423
        },
        "LightGBM": {
            "IG": 0.9272432672565192,
            "ANOVA": 0.9251609446448583,
            "MI": 0.9286686286465423,
            "LASSO": 0.9265446501440023
        }
    },
    "icu_readmit_48h": {
        "CatBoost": {
            "IG": 0.5701047223228237,
            "ANOVA": 0.5761337122331346,
            "MI": 0.5515578672807115,
            "LASSO": 0.5598888309465302
        },
        "XGBoost": {
            "IG": 0.5520384775341626,
            "ANOVA": 0.5729182200724887,
            "MI": 0.5604860334729816,
            "LASSO": 0.5589962111563638
        },
        "Random Forest": {
            "IG": 0.5567454129566319,
            "ANOVA": 0.5587815516984264,
            "MI": 0.5663311039933605,
            "LASSO": 0.568088903286999
        },
        "Logistic Regression": {
            "IG": 0.5887902839618124,
            "ANOVA": 0.5948405777233964,
            "MI": 0.5894482719334726,
            "LASSO": 0.5936726867027844
        },
        "Custom MLP": {
            "IG": 0.5703368648326212,
            "ANOVA": 0.5732336096967721,
            "MI": 0.5828018176816409,
            "LASSO": 0.5541898191673529
        },
        "LightGBM": {
            "IG": 0.5756160518035562,
            "ANOVA": 0.5823558261865087,
            "MI": 0.5604053335581044,
            "LASSO": 0.5717379403992341
        }
    },
    "icu_readmit_7d": {
        "CatBoost": {
            "IG": 0.5749828172134621,
            "ANOVA": 0.5893972696542109,
            "MI": 0.5807054614309117,
            "LASSO": 0.5842900871082927
        },
        "XGBoost": {
            "IG": 0.5624384084646447,
            "ANOVA": 0.5801590938511502,
            "MI": 0.5731399272307478,
            "LASSO": 0.5601633443476126
        },
        "Random Forest": {
            "IG": 0.5878916166417825,
            "ANOVA": 0.5777139157786039,
            "MI": 0.5834220757773992,
            "LASSO": 0.5840301441122626
        },
        "Logistic Regression": {
            "IG": 0.5992714068350187,
            "ANOVA": 0.6015000945674972,
            "MI": 0.5988921286639528,
            "LASSO": 0.599254334948531
        },
        "Custom MLP": {
            "IG": 0.6168412009413465,
            "ANOVA": 0.6169337184679232,