{
    "mortality": {
        "CatBoost": {
            "IG": 0.8870739722918695,
            "ANOVA": 0.8847868960243106,
            "MI": 0.8848083678772566,
            "LASSO": 0.889822971051037
        },
        "XGBoost": {
            "IG": 0.8820191556693606,
            "ANOVA": 0.8715765930148174,
            "MI": 0.8716871221543895,
            "LASSO": 0.8814644969852871
        },
        "Random Forest": {
            "IG": 0.8771785948208595,
            "ANOVA": 0.877243889615055,
            "MI": 0.8720227818210777,
            "LASSO": 0.8779777040721463
        },
        "Logistic Regression": {
            "IG": 0.8509561406861719,
            "ANOVA": 0.8469489098545903,
            "MI": 0.8454123766536912,
            "LASSO": 0.8588759688595198
        },
        "Custom MLP": {
            "IG": 0.8802972657723948,
            "ANOVA": 0.8727002558019584,
            "MI": 0.874133617674963,
            "LASSO": 0.8826906138293726
        },
        "LightGBM": {
            "IG": 0.8940466788827935,
            "ANOVA": 0.8898939114617399,
            "MI": 0.889803812975348,
            "LASSO": 0.8945522854890164
        },
        "Stacking Ensemble": {
            "IG": 0.8980190179533382,
            "ANOVA": 0.8934032637031376,
            "MI": 0.8947040230015373,
            "LASSO": 0.8996182082423594
        }
    },
    "aki_onset": {
        "CatBoost": {
            "IG": 0.8165664085693962,
            "ANOVA": 0.8177668693021005,
            "MI": 0.8176304748117693,
            "LASSO": 0.8182600023992814
        },
        "XGBoost": {
            "IG": 0.8095609194874519,
            "ANOVA": 0.8099956473601028,
            "MI": 0.8108018570590788,
            "LASSO": 0.8082793946998583
        },
        "Random Forest": {
            "IG": 0.8101639408162074,
            "ANOVA": 0.8094921861252145,
            "MI": 0.8096167702718164,
            "LASSO": 0.8077836283217655
        },
        "Logistic Regression": {
            "IG": 0.7907205829724424,
            "ANOVA": 0.792592546105753,
            "MI": 0.7935235764735682,
            "LASSO": 0.7986580327430033
        },
        "Custom MLP": {
            "IG": 0.8123414276078595,
            "ANOVA": 0.8146397299584617,
            "MI": 0.8151711796581288,
            "LASSO": 0.8211615310645783
        },
        "LightGBM": {
            "IG": 0.8217577563210411,
            "ANOVA": 0.8192309419526493,
            "MI": 0.8244733154350125,
            "LASSO": 0.8211885576722578
        },
        "Stacking Ensemble": {
            "IG": 0.8244472664525814,
            "ANOVA": 0.8259059779324122,
            "MI": 0.8289738605714656,
            "LASSO": 0.828315130371688
        }
    },
    "sepsis_onset": {
        "CatBoost": {
            "IG": 0.774278581053437,
            "ANOVA": 0.7666058396209583,
            "MI": 0.7776758280928169,
            "LASSO": 0.7739164318182854
        },
        "XGBoost": {
            "IG": 0.7671376428895325,
            "ANOVA": 0.75922000158263,
            "MI": 0.7689823701048171,
            "LASSO": 0.763620797365388
        },
        "Random Forest": {
            "IG": 0.7795018066389023,
            "ANOVA": 0.7724285793898436,
            "MI": 0.7804946144189175,
            "LASSO": 0.7713830419011038
        },
        "Logistic Regression": {
            "IG": 0.7539955940479638,
            "ANOVA": 0.7492358846159914,
            "MI": 0.754060926290043,
            "LASSO": 0.7553375496219211
        },
        "Custom MLP": {
            "IG": 0.769230195303513,
            "ANOVA": 0.7690777977284236,
            "MI": 0.7698253658236196,
            "LASSO": 0.7721047991806257
        },
        "LightGBM": {
            "IG": 0.7879906396714984,
            "ANOVA": 0.7798187906402151,
            "MI": 0.787810156028523,
            "LASSO": 0.7875039129905731
        },
        "Stacking Ensemble": {
            "IG": 0.7902559635099187,
            "ANOVA": 0.7820607414331878,
            "MI": 0.7908978210234604,
            "LASSO": 0.7859755935763661
        }
    },
    "ards_onset": {
        "CatBoost": {
            "IG": 0.9338500286988554,
            "ANOVA": 0.9313431266524901,
            "MI": 0.9350558741710141,
            "LASSO": 0.9325467470935833
        },
        "XGBoost": {
            "IG": 0.9298094734217206,
            "ANOVA": 0.9283152032408103,
            "MI": 0.9326325726100455,
            "LASSO": 0.9302706009962636
        },
        "Random Forest": {
            "IG": 0.9298849120886181,
            "ANOVA": 0.9271192591568929,
            "MI": 0.9296467225130585,
            "LASSO": 0.9280039921911929
        },
        "Logistic Regression": {
            "IG": 0.917017466412954,
            "ANOVA": 0.9149352418867682,
            "MI": 0.9173185940263336,
            "LASSO": 0.9202671040565311
        },
        "Custom MLP": {
            "IG": 0.92783866226925,
            "ANOVA": 0.9279664599626292,
            "MI": 0.9271654791203894,
            "LASSO": 0.9277652261303118
        },
        "LightGBM": {
            "IG": 0.9359916615544892,
            "ANOVA": 0.9324158343567128,
            "MI": 0.9356418664434407,
            "LASSO": 0.9336792474508021
        },
        "Stacking Ensemble": {
            "IG": 0.9361918738952721,
            "ANOVA": 0.933577017387121,
            "MI": 0.9367683794443378,
            "LASSO": 0.9350266453538357
        }
    },
    "liver_injury_onset": {
        "CatBoost": {
            "IG": 0.9232498390710863,
            "ANOVA": 0.9231246197012228,
            "MI": 0.9225288838297746,
            "LASSO": 0.9212998462759193
        },
        "XGBoost": {
            "IG": 0.9177311571591186,
            "ANOVA": 0.9181474643706846,
            "MI": 0.9212508754344136,
            "LASSO": 0.919122256264272
        },
        "Random Forest": {
            "IG": 0.9200043606544379,
            "ANOVA": 0.9168020325809474,
            "MI": 0.9190896300113703,
            "LASSO": 0.9208689720874068
        },
        "Logistic Regression": {
            "IG": 0.9161105101839843,
            "ANOVA": 0.9159071388254927,
            "MI": 0.9160728185244125,
            "LASSO": 0.9176226756547746
        },
        "Custom MLP": {
            "IG": 0.918567767275711,
            "ANOVA": 0.9166168935402536,
            "MI": 0.9198231858450514,
            "LASSO": 0.9179165007038084
        },
        "LightGBM": {
            "IG": 0.9272432672565192,
            "ANOVA": 0.9251609446448583,
            "MI": 0.9286686286465423,
            "LASSO": 0.9265446501440023
        },
        "Stacking Ensemble": {
            "IG": 0.9292192792524088,
            "ANOVA": 0.9269282996405136,
            "MI": 0.9282365903583603,
            "LASSO": 0.9291222185096881
        }
    },
    "icu_readmit_48h": {
        "CatBoost": {
            "IG": 0.5701047223228237,
            "ANOVA": 0.5761337122331346,
            "MI": 0.5515578672807115,
            "LASSO": 0.5598888309465302
        },
        "XGBoost": {
            "IG": 0.5520384775341626,
            "ANOVA": 0.5729182200724887,
            "MI": 0.5604860334729816,
            "LASSO": 0.5589962111563638
        },
        "Random Forest": {
            "IG": 0.5567454129566319,
            "ANOVA": 0.5587815516984264,
            "MI": 0.5663311039933605,
            "LASSO": 0.568088903286999
        },
        "Logistic Regression": {
            "IG": 0.5887902839618124,
            "ANOVA": 0.5948405777233964,
            "MI": 0.5894482719334726,
            "LASSO": 0.5936726867027844
        },
        "Custom MLP": {
            "IG": 0.5641445068019493,
            "ANOVA": 0.5724020648063156,
            "MI": 0.5620318362900918,
            "LASSO": 0.5663066161425765
        },
        "LightGBM": {
            "IG": 0.5756160518035562,
            "ANOVA": 0.5823558261865087,