{
  "mortality": {
    "validation": {
      "logistic_regression": {
        "accuracy": 0.8281634326318666,
        "precision": 0.3773475874024848,
        "recall": 0.7839135654261705,
        "f1": 0.5094597230349132,
        "roc_auc": 0.8847089182627562
      },
      "random_forest": {
        "accuracy": 0.8808417600437278,
        "precision": 0.48139312977099236,
        "recall": 0.6056422569027611,
        "f1": 0.5364167995746943,
        "roc_auc": 0.8888114690749083
      },
      "xgboost": {
        "accuracy": 0.9057802678327412,
        "precision": 0.6238136324417601,
        "recall": 0.4339735894357743,
        "f1": 0.511858407079646,
        "roc_auc": 0.8968331665742626
      },
      "catboost": {
        "accuracy": 0.9176004372779448,
        "precision": 0.7064631956912029,
        "recall": 0.4723889555822329,
        "f1": 0.5661870503597123,
        "roc_auc": 0.9117116700188171
      }
    },
    "test": {
      "accuracy": 0.9169228667076587,
      "precision": 0.694300518134715,
      "recall": 0.48259303721488594,
      "f1": 0.5694050991501416,
      "roc_auc": 0.9152356956968277
    },
    "best_model": "catboost"
  },
  "los_classification": {
    "validation": {
      "logistic_regression": {
        "accuracy": 0.7453539218365673,
        "precision_macro": 0.638157836618916,
        "recall_macro": 0.5656655618992,
        "f1_macro": 0.5680398794635925
      },
      "random_forest": {
        "accuracy": 0.7409811423886308,
        "precision_macro": 0.6298149396112626,
        "recall_macro": 0.5415587749001648,
        "f1_macro": 0.5183473384163887
      },
      "xgboost": {
        "accuracy": 0.7492484285323859,
        "precision_macro": 0.6398089783623412,
        "recall_macro": 0.575777089548049,
        "f1_macro": 0.57423271234041
      },
      "catboost": {
        "accuracy": 0.7537578573380705,
        "precision_macro": 0.6568434760421946,
        "recall_macro": 0.5839581282368237,
        "f1_macro": 0.5874062797323253
      }
    },
    "test": {
      "accuracy": 0.7502220400355264,
      "precision_macro": 0.6412305418570662,
      "recall_macro": 0.5783122486512856,
      "f1_macro": 0.5784085706287166
    },
    "best_model": "catboost"
  },
  "icu_readmit_48h": {
    "validation": {
      "accuracy": 0.831169718502323,
      "precision": 0.08352043107319264,
      "recall": 0.30194805194805197,
      "f1": 0.1308476960956736,
      "roc_auc": 0.6068724294606962
    },
    "test": {
      "accuracy": 0.8261938921910228,
      "precision": 0.08519793459552495,
      "recall": 0.32142857142857145,
      "f1": 0.1346938775510204,
      "roc_auc": 0.6031197290335368
    },
    "best_model": "xgboost"
  },
  "icu_readmit_7d": {
    "validation": {
      "accuracy": 0.7791746378792019,
      "precision": 0.15767501605651896,
      "recall": 0.44636363636363635,
      "f1": 0.2330327479829141,
      "roc_auc": 0.668143536428111
    },
    "test": {
      "accuracy": 0.7834938853590216,
      "precision": 0.16439688715953307,
      "recall": 0.46132848043676067,
      "f1": 0.24240975376524027,
      "roc_auc": 0.6805914225734162
    },
    "best_model": "xgboost"
  },
  "discharge_disposition": {
    "validation": {
      "accuracy": 0.6906941787373599,
      "f1_macro": 0.6402965167056669
    },
    "test": {
      "accuracy": 0.68846075015372,
      "f1_macro": 0.6385185392353288
    },
    "best_model": "xgboost"
  },
  "need_vent_any": {
    "validation": {
      "accuracy": 0.8813883574747199,
      "precision": 0.8993471164309031,
      "recall": 0.8076547231270358,
      "f1": 0.8510382701218466,
      "roc_auc": 0.922674581101971
    },
    "test": {
      "accuracy": 0.8743594998975199,
      "precision": 0.8925182481751824,
      "recall": 0.7964500895619606,
      "f1": 0.8417520006884089,
      "roc_auc": 0.9205622612026051
    },
    "best_model": "xgboost"
  },
  "need_vasopressor_any": {
    "validation": {
      "accuracy": 0.79413774255261,
      "precision": 0.6467726847521048,
      "recall": 0.7544740288083807,
      "f1": 0.6964843356502468,
      "roc_auc": 0.8573011391041845
    },
    "test": {
      "accuracy": 0.7888911662225866,
      "precision": 0.6407547169811321,
      "recall": 0.7411610650371017,
      "f1": 0.6873102610807529,
      "roc_auc": 0.8550010624672117
    },
    "best_model": "xgboost"
  },
  "need_rrt_any": {
    "validation": {
      "accuracy": 0.9513528286417053,
      "precision": 0.48,
      "recall": 0.36468885672937773,
      "f1": 0.4144736842105263,
      "roc_auc": 0.9241385036003028
    },
    "test": {
      "accuracy": 0.9555236728837877,
      "precision": 0.5413223140495868,
      "recall": 0.3791606367583213,
      "f1": 0.4459574468085106,
      "roc_auc": 0.9337594376323975
    },
    "best_model": "xgboost"
  },
  "aki_onset": {
    "validation": {
      "accuracy": 0.7268379338617108,
      "precision": 0.3606995884773663,
      "recall": 0.6630105900151286,
      "f1": 0.4672174840085288,
      "roc_auc": 0.7749652220239616
    },
    "test": {
      "accuracy": 0.7259684361549498,
      "precision": 0.36354561788780193,
      "recall": 0.6887291981845688,
      "f1": 0.47589180713445706,
      "roc_auc": 0.781864606976359
    },
    "best_model": "xgboost"
  },
  "ards_onset": {
    "validation": {
      "accuracy": 0.8433315113418967,
      "precision": 0.7772634697278282,
      "recall": 0.7938729198184569,
      "f1": 0.7854804004116381,
      "roc_auc": 0.9005330207275318
    },
    "test": {
      "accuracy": 0.8394479743116758,
      "precision": 0.7711332595053525,
      "recall": 0.790090771558245,
      "f1": 0.7804969176162899,
      "roc_auc": 0.8941956160738833
    },
    "best_model": "xgboost"
  },
  "liver_injury_onset": {
    "validation": {
      "accuracy": 0.7696775075157146,
      "precision": 0.4136690647482014,
      "recall": 0.6506978498679743,
      "f1": 0.5057909397449054,
      "roc_auc": 0.8112721846606006
    },
    "test": {
      "accuracy": 0.7683268429322949,
      "precision": 0.4128743220938458,
      "recall": 0.6602564102564102,
      "f1": 0.508051646597998,
      "roc_auc": 0.8127518466710839
    },
    "best_model": "xgboost"
  },
  "sepsis_onset": {
    "validation": {
      "accuracy": 0.7251298168898607,
      "precision": 0.38363119415109664,
      "recall": 0.6565867222801529,
      "f1": 0.4842968850147417,
      "roc_auc": 0.7671099245734111
    },
    "test": {
      "accuracy": 0.7247386759581882,
      "precision": 0.3801291397625495,
      "recall": 0.6341209173036831,
      "f1": 0.4753223075921344,
      "roc_auc": 0.7589144972629307
    },
    "best_model": "xgboost"
  }
}