{
  "mortality": {
    "validation": {
      "logistic_regression": {
        "accuracy": 0.8281634326318666,
        "precision": 0.3773475874024848,
        "recall": 0.7839135654261705,
        "f1": 0.5094597230349132,
        "roc_auc": 0.8847089182627562
      },
      "random_forest": {
        "accuracy": 0.8808417600437278,
        "precision": 0.48139312977099236,
        "recall": 0.6056422569027611,
        "f1": 0.5364167995746943,
        "roc_auc": 0.8888114690749083
      },
      "xgboost": {
        "accuracy": 0.9057802678327412,
        "precision": 0.6238136324417601,
        "recall": 0.4339735894357743,
        "f1": 0.511858407079646,
        "roc_auc": 0.8968331665742626
      },
      "catboost": {
        "accuracy": 0.9176004372779448,
        "precision": 0.7064631956912029,
        "recall": 0.4723889555822329,
        "f1": 0.5661870503597123,
        "roc_auc": 0.9117116700188171
      }
    },
    "test": {
      "accuracy": 0.9169228667076587,
      "precision": 0.694300518134715,
      "recall": 0.48259303721488594,
      "f1": 0.5694050991501416,
      "roc_auc": 0.9152356956968277
    },
    "best_model": "catboost"
  },
  "los_category": {
    "validation": {
      "logistic_regression": {
        "accuracy": 0.7453539218365673,
        "precision_macro": 0.638157836618916,
        "recall_macro": 0.5656655618992,
        "f1_macro": 0.5680398794635925,
        "roc_auc_ovr_macro": 0.8040806967927606
      },
      "random_forest": {
        "accuracy": 0.7409811423886308,
        "precision_macro": 0.6298149396112626,
        "recall_macro": 0.5415587749001648,
        "f1_macro": 0.5183473384163887,
        "roc_auc_ovr_macro": 0.797227891179209
      },
      "xgboost": {
        "accuracy": 0.7492484285323859,
        "precision_macro": 0.6398089783623412,
        "recall_macro": 0.575777089548049,
        "f1_macro": 0.57423271234041,
        "roc_auc_ovr_macro": 0.8091779864247955
      },
      "catboost": {
        "accuracy": 0.7537578573380705,
        "precision_macro": 0.6568434760421946,
        "recall_macro": 0.5839581282368237,
        "f1_macro": 0.5874062797323253,
        "roc_auc_ovr_macro": 0.8118266936854729
      }
    },
    "test": {
      "accuracy": 0.7502220400355264,
      "precision_macro": 0.6412305418570662,
      "recall_macro": 0.5783122486512856,
      "f1_macro": 0.5784085706287166,
      "roc_auc_ovr_macro": 0.812359880445975
    },
    "best_model": "catboost"
  },
  "icu_readmit_48h": {
    "validation": {
      "logistic_regression": {
        "accuracy": 0.661587865537032,
        "precision": 0.06880095446410817,
        "recall": 0.5616883116883117,
        "f1": 0.12258635961027457,
        "roc_auc": 0.651936762417326
      },
      "random_forest": {
        "accuracy": 0.9223831647991254,
        "precision": 0.13988919667590027,
        "recall": 0.16396103896103897,
        "f1": 0.15097159940209268,
        "roc_auc": 0.5930391069344351
      },
      "xgboost": {
        "accuracy": 0.831169718502323,
        "precision": 0.08352043107319264,
        "recall": 0.30194805194805197,
        "f1": 0.1308476960956736,
        "roc_auc": 0.6068724294606962
      },
      "catboost": {
        "accuracy": 0.7464471166985516,
        "precision": 0.0782229490324339,
        "recall": 0.4659090909090909,
        "f1": 0.1339556592765461,
        "roc_auc": 0.6584944166033682
      }
    },
    "test": {
      "accuracy": 0.7392225182756029,
      "precision": 0.07102653444116859,
      "recall": 0.4301948051948052,
      "f1": 0.12192316540142627,
      "roc_auc": 0.6286008718832696
    },
    "best_model": "catboost"
  },
  "icu_readmit_7d": {
    "validation": {
      "logistic_regression": {
        "accuracy": 0.6728614375512435,
        "precision": 0.13178913738019168,
        "recall": 0.6,
        "f1": 0.21611001964636542,
        "roc_auc": 0.6739918466580701
      },
      "random_forest": {
        "accuracy": 0.845859524460235,
        "precision": 0.1763717805151176,
        "recall": 0.2863636363636364,
        "f1": 0.2182952182952183,
        "roc_auc": 0.660067765420159
      },
      "xgboost": {
        "accuracy": 0.7791746378792019,
        "precision": 0.15767501605651896,
        "recall": 0.44636363636363635,
        "f1": 0.2330327479829141,
        "roc_auc": 0.668143536428111
      },
      "catboost": {
        "accuracy": 0.7402295709210167,
        "precision": 0.1472584856396867,
        "recall": 0.5127272727272727,
        "f1": 0.22880324543610547,
        "roc_auc": 0.6869876961100365
      }
    },
    "test": {
      "accuracy": 0.7451663592266174,
      "precision": 0.15281076801266824,
      "recall": 0.5268425841674249,
      "f1": 0.23690671031096563,
      "roc_auc": 0.7036803088962944
    },
    "best_model": "catboost"
  },
  "discharge_disposition": {
    "validation": {
      "logistic_regression": {
        "accuracy": 0.6795572560808965,
        "precision_macro": 0.6480862954680194,
        "recall_macro": 0.6071886752809352,
        "f1_macro": 0.6217276227743916,
        "roc_auc_ovr_macro": 0.8233230787609441
      },
      "random_forest": {
        "accuracy": 0.6612462421426619,
        "precision_macro": 0.6828499169131842,
        "recall_macro": 0.5456413290208463,
        "f1_macro": 0.5652918372912766,
        "roc_auc_ovr_macro": 0.8192895854433365
      },
      "xgboost": {
        "accuracy": 0.6906941787373599,
        "precision_macro": 0.6763390530232763,
        "recall_macro": 0.6210925312732406,
        "f1_macro": 0.6402965167056669,
        "roc_auc_ovr_macro": 0.8408754584730741
      },
      "catboost": {
        "accuracy": 0.7001229844219732,
        "precision_macro": 0.6807032687132865,
        "recall_macro": 0.6377604458795487,
        "f1_macro": 0.6541101733535005,
        "roc_auc_ovr_macro": 0.8480846610090573
      }
    },
    "test": {
      "accuracy": 0.6927649108423858,
      "precision_macro": 0.6757635887924841,
      "recall_macro": 0.6326095177723112,
      "f1_macro": 0.6489045125485574,
      "roc_auc_ovr_macro": 0.8417710246480755
    },
    "best_model": "catboost"
  },
  "need_vent_any": {
    "validation": {
      "logistic_regression": {
        "accuracy": 0.8776305001366493,
        "precision": 0.8993572084481175,
        "recall": 0.797557003257329,
        "f1": 0.8454035390591281,
        "roc_auc": 0.9103391728316679
      },
      "random_forest": {
        "accuracy": 0.875580759770429,
        "precision": 0.8982113221464134,
        "recall": 0.7933224755700325,
        "f1": 0.8425149182738044,
        "roc_auc": 0.9124406982860684
      },
      "xgboost": {
        "accuracy": 0.8813883574747199,
        "precision": 0.8993471164309031,
        "recall": 0.8076547231270358,
        "f1": 0.8510382701218466,
        "roc_auc": 0.922674581101971
      },
      "catboost": {
        "accuracy": 0.8803634872916097,
        "precision": 0.8944813949307927,
        "recall": 0.8104234527687296,
        "f1": 0.8503802443817825,
        "roc_auc": 0.9234158189790022
      }
    },
    "test": {
      "accuracy": 0.8755209400833505,
      "precision": 0.8887488748874888,
      "recall": 0.8039407262660805,
      "f1": 0.84422024623803,
      "roc_auc": 0.9217108519472251
    },
    "best_model": "catboost"
  },
  "need_vasopressor_any": {
    "validation": {
      "logistic_regression": {
        "accuracy": 0.7890133916370593,
        "precision": 0.6389508928571429,
        "recall": 0.7496726320384112,
        "f1": 0.6898975697931311,
        "roc_auc": 0.8496754691839971
      },
      "random_forest": {
        "accuracy": 0.7920880021863898,
        "precision": 0.6572654812998161,
        "recall": 0.7018769096464426,
        "f1": 0.6788390501319261,
        "roc_auc": 0.8487422501642592
      },
      "xgboost": {
        "accuracy": 0.79413774255261,
        "precision": 0.6467726847521048,
        "recall": 0.7544740288083807,